date,baseline_DMA,baseline_Ridge,baseline_ElasticNet,publag_DMA,publag_Ridge,publag_ElasticNet,market_DMA,market_Ridge,market_ElasticNet
2008-03-01,6.2506430473176025,4.237172613583588,4.141634778194719,5.705090092084698,3.972275975096669,3.873566467728412,6.388916698810843,4.168052128644961,4.385830762961852
2008-04-01,0.22998681095105983,-0.5980877260627304,-0.25409446464853724,1.682418802296531,0.5847222967275725,0.6699831310953108,0.8987916717608805,0.19589560928262562,0.23351564726986718
2008-05-01,3.7925257056521415,2.270420040286844,2.4585708082423428,5.097478826675483,3.263597656597769,3.1848270437592667,4.626484897162114,2.830452371082999,3.1069784271688845
2008-06-01,0.6209179313826915,0.17468157816831664,0.5634444560453182,1.1395381031560723,0.9055352848149999,1.113235902346355,1.438516502959975,1.0802452232185447,1.0691892083455854
2008-07-01,0.0067601236075983985,-0.9809363884058895,-0.546274809000288,0.6000965926767312,-0.3714329484599763,-0.11185880068069776,0.40581116254081895,-0.34044701873061123,-0.24792767352441936
2008-08-01,-0.3102460706559895,-1.0870707042644454,-0.9140251078810522,0.048437548733728714,-0.6829253233172834,-0.5039870450424848,0.09533688758135377,-0.544037141981587,-0.5030449582085255
2008-09-01,-2.228570121279997,-4.099917469542494,-3.2576641643480886,-0.7349186199071779,-2.21598025223392,-1.7529413512364447,-0.6744614273764261,-2.058815426028067,-1.6540392026857913
2008-10-01,-9.939642371858332,-11.505595066761646,-9.59376699821209,-6.447388730891026,-7.607727973083191,-6.57805997853678,-6.567255059215045,-7.246466817157512,-6.756894076512789
2008-11-01,-16.22774617771771,-19.91578512250742,-17.73149792635614,-30.230756275961916,-24.939611365166662,-21.771501224757095,-26.923104800766115,-22.94485546068135,-21.197242557993963
2008-12-01,-7.1760453578559105,-8.9249480115894,-8.431358084221714,-4.147583625986421,-6.364607924048219,-5.9044462795721095,-5.48298668751204,-7.6760660444013915,-6.9528226729282885
2009-01-01,-11.520708725529529,-9.663685257518768,-8.097574127658529,-5.615946339748117,-5.4253199721163545,-4.80146055899688,-4.799707320881199,-5.152618525951717,-5.453882941541011
2009-02-01,-10.01812903959805,-8.442983523343777,-7.210624670501052,-7.342733370502361,-5.5548461943147425,-5.029820690743835,-5.964136916114866,-5.112293701099746,-4.953807248274593
2009-03-01,3.104708597139403,0.8175565746007312,0.8098597929632323,3.3487339561828073,1.2920419247679331,0.9425403414094242,3.375544472329035,0.8113787731007536,0.8043139449011151
2009-04-01,10.057856052775882,3.442344378443451,3.496383664885462,12.131841662932409,4.613244008290311,4.642354055263735,12.76239415908319,4.922325489477743,4.984161183600296
2009-05-01,10.74426604065839,6.012946139808135,5.940949057446921,11.988249990716263,7.1858619145743,6.6881196127662825,11.598009691207656,6.223068700328187,6.174248741937606
2009-06-01,11.339213469806639,9.461719472294895,9.28398150421069,11.771073896348085,10.528904696150011,9.983593858012558,12.015398520611793,10.09649519214419,9.888500618606663
2009-07-01,2.691077783825178,2.6820335102775834,2.664325738844478,3.1355377423982707,3.714689164293622,3.3198250926017883,2.7411177612765316,2.8524446135091237,2.7897274656017634
2009-08-01,7.793684384850689,4.368529780154052,4.319738950243686,7.561825838252211,4.190461150808563,4.026181468476386,7.339145635062868,3.6971797947293084,3.7001992459696313
2009-09-01,3.8340746486536235,2.451082825613285,2.434221965149529,2.9547102003936696,1.2818074448108838,1.4830179524888232,3.182197407366867,1.77269470297944,1.7733771562627139
2009-10-01,5.976014093890835,4.187925494485587,4.068163492371165,4.1553752555292665,1.98815570365965,2.1662662233690835,4.634593127580828,2.8370937063172654,2.7862495871869095
2009-11-01,3.9421862337148585,3.547352577373819,3.5041702594631188,3.166555340122707,2.5146845649083622,2.661815787559104,3.7929983835493157,3.54439851505182,3.462899811247799
2009-12-01,9.365342888790055,7.0968920275432605,6.927561512597507,8.94593515883307,6.68967513950252,6.3069059689911535,8.742314696626295,6.306415274658074,6.127943266396979
2010-01-01,2.414500215017747,0.77107165869748,0.7527528534717047,2.1146353926894257,-0.014712818571105846,0.2441092064629764,2.3274751675690344,0.6048508545635765,0.6515875346126065
2010-02-01,-3.5598348190005353,-1.5586214624190926,-1.563825886408493,-4.653734754067164,-2.9000542675603658,-2.617712103004118,-4.559879080843656,-2.4625439246604115,-2.3864026486255216
2010-03-01,4.4023392568344395,3.1708920685817006,3.1638064061392526,3.696273890349918,2.1067646148449044,2.1214614126538907,3.9798554254288923,2.818712713572576,2.782417733049935
2010-04-01,8.192995904692644,7.153115633724359,7.180512230132453,7.047644929937842,5.555596901567632,5.568358971118759,7.258558227026869,5.824407642953672,5.812556085869389
2010-05-01,-0.5135155084010121,0.8647289962812108,0.7901955721370975,-1.0650449979994205,0.5042325983785594,0.47400496948458337,-0.8989400979968872,0.8079625200075073,0.7424226001370906
2010-06-01,-3.243572046859531,-1.870961967886073,-1.8956140075833972,-4.120052473960863,-2.916415710790539,-3.0585061085872143,-4.738133665540779,-3.477929895808467,-3.5713624302349825
2010-07-01,-3.7069810555239675,-2.33426376641455,-2.3313400456698057,-4.259522597550597,-3.3926615630623838,-3.303206650731471,-3.849290172930646,-2.394823973257644,-2.405392869787084
2010-08-01,9.174026134343586,7.026525238962073,7.230464035172714,9.150981598557319,7.030600368829636,7.086041547496395,9.151019878758024,6.83570750794645,6.915689971915821
2010-09-01,1.2508852273960767,2.1363217508251866,2.09855541629175,0.8814164061750859,1.7199200108114234,1.6408635096577302,0.9949296972993009,1.9365741679369344,1.8324141408539854
2010-10-01,9.45843973870976,7.767755276504783,7.845170208060178,9.247810540852232,7.537169413443725,7.52806864650436,9.332685382778497,7.427266421033804,7.4294948353022185
2010-11-01,5.399458002436432,3.8907647160660415,3.8630214813439365,5.887140056740961,4.50036273778035,4.4645124855305625,5.932427881287567,4.574635818249877,4.526964577696129
2010-12-01,2.599917765798436,2.0835810779362363,2.1393530032244303,2.4770903307233185,2.2558448404623164,2.214225594416362,2.3546650547356647,1.9560377918962009,1.958287231159926
2011-01-01,8.26162630122519,6.843450637634775,6.949945944351681,7.911477933852055,6.484483723065529,6.508991045964214,8.024343706333331,6.539873826474552,6.556185168836947
2011-02-01,-0.5905116787604517,-0.7624512505308549,-0.7875500528057413,-0.6865977941655432,-1.0304587634979676,-0.9387183134026624,-0.7592256602406524,-0.7999284707689374,-0.7499943956278343
2011-03-01,2.445451093763219,2.612142784051832,2.5864804193012136,2.628932746544004,2.916888502450025,2.916242446935907,2.7738367335737455,3.075884990245662,3.0729832452865895
2011-04-01,2.4254151991211654,2.503616121535843,2.43101421664562,2.2182195386934156,2.321896316336308,2.184024535691327,1.8709870187938402,1.8240107247936739,1.797349930901249
2011-05-01,1.7245878166586803,2.4909735926216237,2.4840113102789485,1.6615597911240618,2.305115297262758,2.386300886466752,1.7380726362874663,2.6165567208681733,2.6114442666189848
2011-06-01,-1.127698818486674,-1.179739234221513,-1.1507301535644925,-1.3448194656042576,-1.3393703360417297,-1.3112123746045734,-1.4021746400344615,-1.260443212910455,-1.233311353803816
2011-07-01,1.1892710483604532,1.0947632971643466,1.0728844145131833,1.176982116476033,1.0765552788482544,1.0449506304006428,1.1194907120253146,1.099502573491999,1.05126193070368
2011-08-01,1.1917241029530736,1.9560177530234006,1.899143527068323,1.0726797585810595,1.831958478906558,1.7741499290440421,1.0846854802944914,1.804079983731681,1.7484053416469647
2011-09-01,-2.2974598782626683,-1.4431601851895959,-1.511642676461375,-3.1843426141300553,-2.628720256407582,-2.51969500204467,-3.1290693396858247,-2.3796666300294538,-2.2852625340484476
2011-10-01,-10.736551562238983,-10.236164345991583,-9.946346233243295,-10.634092347357448,-10.705702119003513,-10.198851494281593,-10.527960967132255,-9.843685809005216,-9.587641239674506
2011-11-01,9.248096325784523,8.375216992266491,8.232664331109696,8.640074822574558,7.639276489597956,7.566711257952866,8.71214877092324,7.423496702055958,7.407393259117366
2011-12-01,-0.38360341812747034,-0.7476365008689614,-0.6354728327955668,-0.7559068765440166,-1.4674604774837146,-1.1985329771861493,-0.4598802880981899,-0.8729457606567557,-0.73433195739838
2012-01-01,-1.5243533721065308,-1.1131351525946223,-1.1176920363054983,-1.0570311107542807,-0.6165263911580856,-0.6726731455164081,-1.303903163741993,-0.8307352114398092,-0.9147653765023744
2012-02-01,8.208315413339148,7.657929561665766,7.511990499188432,8.022501379934754,7.1597537294500455,7.012770436613986,7.9700748088442905,6.911027124325226,6.809305951047037
2012-03-01,0.8250041641544099,2.257814708380459,2.1337522159953877,0.15090351963137744,1.375187009768789,1.3533214819598767,0.7102062113464016,1.9622175795611845,1.8243539960580075
2012-04-01,-0.5240882279636234,-0.39061731969050006,-0.551084833949097,-0.08633712949952257,0.1271781197524997,0.01283912365404416,-0.3717288480931899,-0.14719715555945423,-0.23805281166379566
2012-05-01,1.3185708123419737,1.9921055009135205,1.8933516173921716,1.3892022313807735,2.108393460889544,1.8749361080645894,1.096168361168313,1.7443259226196939,1.599234856848109
2012-06-01,-4.4596315034442116,-5.719149996996289,-5.798020494061092,-4.655269108748782,-5.7866104469780355,-5.643891562485352,-4.8094171265359975,-5.7164969934007255,-5.63691473947027
2012-07-01,0.8783947469264759,1.6131168775785265,1.5355894780603914,0.950193111204172,1.7468191977387435,1.7175825575597585,0.995012085145158,1.8279379101569244,1.7787382610137512
2012-08-01,1.004539716344497,2.09177815270491,2.0368200405264716,0.8915859986001595,1.9300581482326424,1.816197881822057,0.9394325021163091,1.9651511643138067,1.8581235260647637
2012-09-01,1.0802376645392149,0.9243303471803872,0.9065822576534565,1.105659952023689,1.075471402305129,1.0909987413346611,1.2331435971843239,1.3288113883379453,1.3037533795205913
2012-10-01,3.489373649401827,3.454630122824049,3.4027915597429157,3.646567696488244,3.6688948726850117,3.4503626326835395,3.581103018527379,3.431419657548744,3.3064767332518263
2012-11-01,0.779557098328343,1.1085819484626,0.958001766175447,0.8713758463176815,1.2658017682712557,1.057016845689598,0.8248869977045814,1.2487096612597586,1.0430039101191726
2012-12-01,0.2092789428819139,0.7809102021094043,0.6302431489378472,0.15423344632524966,0.7808479312666703,0.6609339292848333,0.10035625479104247,0.6928236973467674,0.5764620638016473
2013-01-01,0.9943126015657962,1.0392459932608542,1.0234950479866003,1.3465818789224175,1.4753273701004201,1.3962514957843317,1.2855473520708802,1.6069797121127287,1.4960965823724013
2013-02-01,1.3052499945325462,1.8082498617986893,1.62401843607357,1.1394138416148534,1.4134868497460702,1.290314417900253,1.1195538986852964,1.4235588594426698,1.2896212129750526
2013-03-01,-1.2423700662705588,-1.3384031288828702,-1.413655538007839,-1.4964786134058987,-1.832471492752401,-2.0069037459727257,-1.4447067469622674,-1.4998962158477425,-1.5583731061786037
2013-04-01,-2.2031443545471188,-2.20111735984888,-2.242269147270572,-1.9752507760768887,-1.5002701711637982,-1.9172088635264073,-2.3051692000210076,-2.2442228020717137,-2.231971274571122
2013-05-01,-1.3629637700152,-1.2417178820112957,-1.38811323101801,-1.4560727839084446,-1.3211714940022763,-1.5564815750619558,-1.4557067008819489,-1.189895719104636,-1.3109304481841362
2013-06-01,1.1997070014074702,-0.4111635040131316,-0.44883225627447243,1.0195423656152034,-0.8541008342949894,-0.8922177411490202,1.0717385117384304,-0.48621701064177536,-0.511049478085962
2013-07-01,-2.7483379437502866,-1.986723464124176,-2.1878496614356457,-2.8188528900408882,-2.13589188307278,-2.45620296820176,-2.9214546790692864,-2.242988702837142,-2.409918094673145
2013-08-01,2.7054809704150413,2.8577875990886286,2.903206827689977,2.87021422955325,3.1700607155494476,3.2399709233492153,2.8554366574984744,3.0913915623388704,3.1370671243057746
2013-09-01,1.8656745994600104,2.5116301754387678,2.4509863531340423,2.1755050912509546,2.8199103901451705,2.8857639454041504,2.0798753743016514,2.7693747892606817,2.6471247408892356
2013-10-01,2.6882080658843464,4.243911343470596,3.993710480088135,2.207451245997207,3.482236320196469,3.253520097253167,2.381271923272661,3.5324651819575017,3.312290103509623
2013-11-01,2.875092872774287,2.3879403125356315,2.3688579913076238,2.7505692798361836,2.3431228432525897,2.342624279998331,3.08123096488457,2.8735187423832533,2.820739782016952
2013-12-01,0.11549068105979561,0.2625383562760788,0.22722308961298887,0.4987025676280079,0.7447082485017752,0.5891119399382488,-0.012204671553847635,0.06602384785741311,0.04614800237565908
2014-01-01,2.7382811691189444,3.3857046484651936,3.30191819409024,2.729488379423584,3.3847329864715783,3.3756619437448294,2.9831949101315947,3.8008611031123674,3.6531740173689133
2014-02-01,-1.0753150546232788,-1.4341872398201692,-1.440914203252115,-1.019094756031334,-1.0217794696373255,-1.1077298250607326,-1.3754506481754798,-1.5161342426711664,-1.4906010509514185
2014-03-01,1.287681088664583,2.2787267931466904,2.3232014944437394,1.282450846949145,2.3136648240974527,2.2870189335108426,1.3919917557114676,2.278985419159976,2.2601363409698663
2014-04-01,-0.19949399878186974,1.2154282761560733,1.1253753558377673,-0.10181909815173096,1.0156418329134667,0.8360508850437663,-0.5717457462568274,0.5146440332582476,0.39694887409492297
2014-05-01,0.9294103744505977,1.2952179869742135,1.3350259918809804,0.1812274847529498,0.42111816636659527,0.43221710601716357,0.48492262620120563,0.8323114799851059,0.8474602636082496
2014-06-01,0.2769079391009867,1.653903842459806,1.663619669372871,0.7351068830099071,2.1954878420605937,2.1725645049558917,0.6260922198925827,2.1566700846202647,2.1301155256501625
2014-07-01,0.7596505114719777,1.336649031754832,1.4146163041455386,1.2653579430255024,1.996128025010245,1.9540726748748436,0.8636046840024338,1.413117721781273,1.4206874208585691
2014-08-01,1.5028503634525634,1.5023406540886928,1.4665667293722118,1.465175738315259,1.3044230052672052,1.2979952689776526,1.7187871634227652,1.7288814849208518,1.6742006286347197
2014-09-01,-1.8411864245245766,-1.74985316197679,-1.6993284398616422,-1.4250594187717054,-0.730128168266113,-0.9480390646327405,-1.281333913354134,-0.9751567115418295,-1.0578003065349146
2014-10-01,-1.7144283447075888,-2.2403060012675517,-2.213383205508236,-2.1734052848093146,-2.676321311376574,-2.723089234083976,-2.1083027664747584,-2.6733465618245322,-2.668400107936632
2014-11-01,-1.1998630934147607,-0.11521965234124631,-0.14941240598115302,-1.7929460788065734,-0.4488248950204654,-0.5866847498758008,-1.308085276679506,-0.1632949361550866,-0.246638943318781
2014-12-01,-1.8699177856053522,-3.0159939757892955,-2.884557916212634,-1.6152751719220082,-2.700296549747514,-2.77036176769169,-1.9398647038248444,-3.3406944961909018,-3.2952713649795777
2015-01-01,-3.020117822644656,-3.5592590767346675,-3.409924982571174,-2.3853537403984566,-2.696787880748914,-2.593752236638734,-2.471905212847954,-2.7285270117666305,-2.6338906233630164
2015-02-01,-5.0957597731267255,-5.701255091791707,-5.57447832648807,-5.356676952002134,-5.048210021466029,-5.127763028302435,-5.590923493057583,-5.7544480342478845,-5.708777779748124
2015-03-01,2.9714864762303232,3.5372288716234337,3.2889765203852095,3.7427990721043,4.001847848005111,3.8483824241193245,4.032117937409479,4.667130679050683,4.249760245929303
2015-04-01,-2.3378602969131155,-2.1984155554795772,-2.0740530044914185,-2.6124749592977987,-2.002093592974531,-2.0474392620986857,-2.838841714112342,-2.531321378851355,-2.351292710145243
2015-05-01,4.505448396572896,5.424088270281731,4.90252673485946,3.4453511172176445,4.684638545203465,4.483536604793614,3.8923593271481325,5.432119751192655,4.93850300446922
2015-06-01,-1.2463702884859074,-0.8273376402246633,-0.5992343931878643,-0.24942704701201485,0.5454842173356031,0.41641854018158275,-0.6271409838670012,-0.020860039823466403,0.03967739527605196
2015-07-01,-2.6840767401542713,-2.9794880623692084,-2.552247361079793,-2.3765811494614395,-2.0088529760604095,-2.0169743742337234,-2.4889283343877397,-2.567798227343956,-2.3118297560487786
2015-08-01,-6.4561682574701225,-6.075973904401553,-5.321105060795527,-6.385061094183063,-5.975907964296924,-5.6653318981413054,-6.268036348960843,-6.33407781274871,-5.6142686350736435
2015-09-01,-3.2973411498313157,-2.9138483493243488,-2.6192917429204905,-2.3379198402672747,-2.245198350702422,-2.079589775230328,-2.2816069405499917,-2.1489221912081695,-2.06203179921313
2015-10-01,-1.5019187256340814,-1.357992609173586,-1.315997805171282,-2.1173553921740744,-1.5327597833958198,-1.5140264790428537,-2.0098174888252918,-1.415834855304317,-1.4141338951067302
2015-11-01,2.3343550551758283,3.257787270078215,3.1968385404956545,1.9474966228593045,2.966487895344627,3.0279551410344325,2.015822650340015,3.431960180853176,3.3834844394246346
2015-12-01,-4.302261932442607,-6.202680004958083,-5.374229985382188,-4.1193171711811765,-4.808689595995523,-4.7094251569794245,-4.263829875903952,-5.566790517927188,-5.0429169970487795
2016-01-01,-1.3673154245808627,-2.2266976599300965,-2.0151567788128895,-1.1916079386069782,-1.2956160284168812,-1.4369863410427417,-1.3733129829970872,-1.8202066034993174,-1.7243728113248111
2016-02-01,-5.086532942461089,-5.8629167770505015,-5.304152149283689,-5.118024876376606,-5.392954742893385,-5.173451214886992,-5.071299026615971,-5.831416675623829,-5.33704074481733
2016-03-01,3.6865591249292775,6.713806710498806,6.81835864495496,3.630240135576532,6.481470913191963,6.459631532035493,3.648546154186313,6.798915734141087,6.666443044609057
2016-04-01,2.2016320510701024,6.935766706891175,7.022397521740954,2.3510062464752854,7.228364210564431,7.049041859509171,2.595398244423568,7.442760452429458,7.313105238474484
2016-05-01,4.082371120910921,7.696622322302196,8.080832358623153,4.0165345165514745,7.5564370036325395,7.180267041558909,3.64189821503947,6.834274716920375,6.664754374592946
2016-06-01,-2.1298478889116645,-4.961463658036842,-4.612148249675658,-1.9037321011315644,-4.271857137674243,-3.9528702169070664,-2.0199129682117056,-4.439220465949039,-4.100529738073204
2016-07-01,0.05187966772218772,1.9756391783065341,2.2610799563074524,0.0597429583856784,2.1817021068537574,2.1499285914204167,-0.0944197798382704,1.509779135179258,1.6080510635203669
2016-08-01,0.37206819331830493,1.0078175635755175,1.284832252727695,0.5280097175851942,1.6475289685929988,1.850143345896567,0.6450212413057088,1.906099048223318,2.0043636553852067
2016-09-01,-1.4597839217629125,-3.3175310165778367,-3.0679229223232247,-1.2059975748615204,-2.7855607152042174,-2.5099942498528804,-1.269768031194028,-3.0393914063449583,-2.7440976059657376
2016-10-01,0.7802694331564088,2.6180688229034823,3.1073842294828165,0.04447146611778374,1.3668351660911662,1.6038826756962044,0.7285568972380915,2.251284835514449,2.342431443480441
2016-11-01,0.34048702522947044,1.1074396688362327,1.2311553421442132,0.1491009514148507,0.7559202064962145,0.725133622174747,0.389926048587269,1.28371305399804,1.1980499867205276
2016-12-01,1.475451299003985,5.003001062736968,5.203385111949525,1.67322465663653,5.48114575328242,5.470043318787869,1.8118998272607172,5.411728072076565,5.413378675442043
2017-01-01,-0.33737836002279864,-0.04107254697264151,0.3591802905159353,-0.1712320020450987,0.3169366292398906,0.27541499842541967,-0.15552628774668273,-0.007693185198964891,0.07254615265870601
2017-02-01,1.9889641560982982,5.469012373779582,4.879729983738947,2.1776060467134424,5.8747824781167015,5.46998680290262,2.077444544660848,5.63316482918795,5.220901871263918
2017-03-01,-1.2900958966989684,-0.4628375782688845,-0.4259199183697965,-1.3404585889896312,-1.0113287157440476,-0.8218817832178905,-1.2216558174442225,-0.3404609789420976,-0.18552013927305244
2017-04-01,-0.48904077457754225,-1.1823942182587726,-0.945452210491398,-0.8673421682115203,-1.5304750510940628,-1.387056764711247,-0.8283806040419498,-1.868249073856321,-1.7562031154591273
2017-05-01,0.37928956463436564,0.2021947889408694,0.16813707420320856,0.026686516705716458,-0.2598289345973992,-0.2409566946292725,-0.012138908002814499,-0.45117422094605064,-0.46997888556463907
2017-06-01,-0.37141256582351023,-0.8082800986115369,-0.7600317233638866,-0.28200045601229895,-0.6360125136714102,-0.5664079176269822,-0.3622452602233414,-0.7195234800359057,-0.7438509130637766
2017-07-01,0.6756331169446416,1.833350422820678,1.7276708239443908,0.7110560597922801,2.0191186839463136,1.8987739335169633,0.7145808154799089,1.9212446218838608,1.8008071040278126
2017-08-01,1.8219316121728486,4.678852032248278,4.661659387216176,2.11332983242506,4.92863833535872,4.861148545128792,2.02298269840016,5.059969476833141,4.971864595356214
2017-09-01,2.221014627395108,3.3427063451073047,3.3261466848622914,2.3223580981281113,4.028718790200685,3.964169506971988,2.370580519720919,4.052179348698579,4.025661770198046
2017-10-01,-0.33972097797764284,-0.37291411648861417,-0.43542376480529,-0.52943557093815,-0.9378071299107346,-0.9441830829869798,-0.4611275164794121,-0.9093335242505823,-0.9639942387792356
2017-11-01,1.0601702837013338,2.1268451176430436,2.2533203281774,0.9855567958268614,1.6767019252408457,1.7699264165902004,0.9324347246746052,1.8712283682779343,2.015763654348316
2017-12-01,0.33214424342752613,1.7036967741405964,1.7459663660761646,0.19170976869010176,1.5430806743534737,1.7224442386539023,0.15342303543741684,1.4028553821130587,1.6158687245003698
2018-01-01,3.770550489762831,5.54437113241902,5.0685900919224895,3.9831808416764423,5.555219256870373,5.172074764432853,3.783001520988271,5.814511466096214,5.308000535054223
2018-02-01,0.6830126614030165,1.7993935950272326,2.0887365421802797,0.7148920352829423,2.3833616604528207,2.453684448761455,0.7665874566416493,1.7294623822446897,1.9388200376646514
2018-03-01,0.883578081991135,-0.47265240185124746,-0.3903818268895949,1.0176485530787698,-0.6431804212583616,-0.563327212541705,0.8968480834093514,-0.40617535364800283,-0.2594032217567237
2018-04-01,0.18091318981017893,-1.1110051280578839,-1.22334174580863,0.21268886508200052,-1.3241832271656429,-1.4734448283893586,0.15533229870564477,-1.2355023157501115,-1.4553209941870828
2018-05-01,1.5275491384506714,3.094299183188749,2.5730921067114254,0.8554050779363619,1.3825172766787817,1.2401868123413378,0.7809855888404705,1.6885140507914982,1.4216441551988532
2018-06-01,0.4897314958795024,-0.03377028952325811,0.08372637158806417,0.8493027117794438,0.6528222223493607,0.6633804690546395,0.7328573751510614,0.8341504129710207,0.794419789963262
2018-07-01,0.4364807458067221,0.9565066731154113,0.8925107404540166,0.30303765674279715,1.398185376187405,1.1901442812236924,0.4557793304772053,0.7050506184339458,0.6248841983261172
2018-08-01,-0.8750841271117422,-0.08913530158658589,0.001996437621590519,-0.29869242581712924,-0.3426809105373887,-0.2943322476130883,-0.9424393028288293,-0.19777428560070187,-0.1867703016971083
2018-09-01,-2.3124709947165023,-3.3294175915560036,-3.2584726584814714,-2.173733686415633,-2.897182421976063,-3.0744831406637507,-2.1484701160427404,-2.8954493931044913,-3.2673638986754225
2018-10-01,0.7870109255477709,3.106809081329026,2.777376473309764,0.7083989588168482,2.7131720048072143,2.6261355134518283,0.8159512591833916,2.579603766796773,2.6409117298142837
2018-11-01,-0.6497690327176519,-2.2315412191190402,-2.2917928888795673,-0.22876681762520756,-1.8819453608898842,-1.9756673118395516,-0.5677418602533312,-1.6696793825230705,-1.8121990344443115
2018-12-01,0.367299935205608,0.17415523812318456,0.0024651596376248364,-0.4255502651150562,0.1458723124638357,-0.017258667121234805,0.24201456229636015,-0.15843540347863394,-0.22954189275120895
2019-01-01,0.13939697017239472,-1.0883125111220464,-1.1141109392096882,0.33230072738510996,-0.9647733711247359,-1.0138065680062749,0.11899554067226391,-0.8980102467999,-0.8907308355624826
2019-02-01,2.8125907925894893,4.922533220467837,4.458250801471129,2.5217059819315493,4.732527801745156,4.556215392667155,2.670537266609151,4.605860456666431,4.514174088221842
2019-03-01,1.0200982528707359,1.6088674468849824,1.8613155248170195,1.1147647641626077,2.3059582578834372,2.391339925177943,1.149720196570258,2.4691328248723257,2.487342150217157
2019-04-01,0.23865402788469703,0.8892668496917241,1.0141680331701501,-0.13590116914210126,1.0245318282784153,1.0275945528330583,0.3350446153169168,0.7780210685583243,0.8543750908208724
2019-05-01,-0.7943755335955306,0.43280288175215026,0.6748328620290736,-0.5354350062654182,-0.3196511281565495,0.04109509325725125,-0.9366276994379953,-0.04842651070513426,0.2051864186592255
2019-06-01,-1.6277039863240694,-3.8210967068810286,-3.5537967943998585,-2.405221290564141,-2.867070932187672,-2.907876708433986,-2.1471073066846973,-2.9616742496541706,-2.9785184435398704
2019-07-01,1.0726477728163997,3.123408097599433,3.313169392106145,0.9312822474760725,3.764486364463818,3.724302501219281,1.0173567186820058,3.2032965202664965,3.32035123459793
2019-08-01,-2.2361766939183942,-1.9909768429056989,-1.7229774079218547,-2.11715358904558,-2.3882874187260814,-1.8845310266480064,-2.234354717221346,-1.7631387919358765,-1.4987447719189122
2019-09-01,-3.068455079110587,-3.4131669642344935,-3.065584293916471,-3.317560695948202,-3.6515699665141703,-3.297504853291148,-3.120175674319128,-3.5462164232748155,-3.24070400223244
2019-10-01,0.9435613976329768,1.7803889467122958,1.3615498325248356,1.3864946654162282,1.8026982861189862,1.5554059473326198,1.2038647291160618,1.8268586625847576,1.5902071833363323
2019-11-01,0.15009169163983593,-0.2701880555306817,-0.25117458072977117,0.13081570692805922,0.055912441392188095,0.1014511043985632,0.18167766833265708,0.2803578101789168,0.25085124262886116
2019-12-01,0.15545198955749867,1.2055800613724228,1.163467233826386,0.2475448422040989,1.178974056009795,1.1269746947907135,0.39720845228640395,0.92611466338036,0.9661413071137118
2020-01-01,2.9053870583879315,4.404651386797725,4.300054408543112,2.922297592909375,4.575430163834693,4.3721670280064515,2.890304263790057,4.673399495503866,4.447308004449275
2020-02-01,-0.5199924380793469,-4.2319640375852705,-3.917560352587006,-0.5434015707168551,-3.627026556999019,-3.5007321587588636,-0.6056519049705822,-3.8285267533183003,-3.659314333943178
2020-03-01,-1.6253136884357322,-3.590216744625994,-4.018303340132101,-1.8065456622014655,-3.770431810502586,-4.1890193152591495,-1.786325304447314,-3.7545809239227945,-4.317413389540955
2020-04-01,-7.072099761452205,-9.90819061353173,-9.143502896400765,-6.531113888964183,-8.34485134888467,-7.767942755181218,-6.604945049731536,-8.320717262132659,-7.394751659086162
2020-05-01,1.9382979681351897,-1.7622999239880426,-1.7636096510130406,-0.04147090244750012,2.086878187658834,1.8578323421090115,0.8373407009461347,2.3955503855011475,1.6708855248044792
2020-06-01,3.1830940332276043,6.4561861950775326,6.830916605730331,3.645859569386122,6.09888680509565,6.9671925651621205,3.281366544868216,6.534055072967322,7.151333084198313
2020-07-01,-1.2711148400503938,4.472785562697983,4.08897340316533,-1.0797238083322231,3.5606970680809686,4.083208630257234,-0.7711942075865401,3.546413274159818,4.0491611115772805
2020-08-01,4.275661915129486,6.0364785900925915,6.205588755704361,3.3513390465394215,4.892387959599298,5.712429662907498,4.2391266618389265,5.335868833707415,6.070907913794167
2020-09-01,2.1740009654799075,2.7455755168519054,2.6451731780882355,2.028709653124371,2.6124574238586913,2.8853637856199175,2.197692752783548,2.6246990542198363,2.6521470842715478
2020-10-01,-0.9987474799515763,-1.09409381668095,-0.45308086246283796,-0.9933649660610758,-1.180584108315823,-0.5593437005368518,-1.0606349705427716,-1.2572703783892754,-0.5693565060210788
2020-11-01,-0.3105441019119676,0.0649100446116262,-0.04166725358533108,-0.15042950340547917,-0.002664555225716181,-0.05392165019684736,-0.2875615040377263,-0.06638763216207677,-0.06465764725461831
2020-12-01,6.453588608294458,6.730395131117893,6.6126585558495385,6.440773738502271,6.853301805663576,6.892122034931762,6.492486173403476,6.841511114842692,6.8384154027466595
2021-01-01,5.051158254948866,6.118775179475473,6.560918120831967,5.122433041272551,6.08112209173303,6.58253008500611,5.190957979676268,6.132364740012259,6.753553865956294
2021-02-01,0.44098078787864226,0.7785895912428127,1.2795775417626147,0.2837480496171776,0.5374077142477647,1.0957095228595508,0.46391275154953393,0.7167720425929078,1.3739963209244228
2021-03-01,5.7122676783510915,4.473969239610432,5.316287724183046,5.718827643119809,5.371679295353514,5.712868470612927,5.828648307498806,5.5193335314029515,5.809021406565228
2021-04-01,0.4902856968544316,0.8953241301573962,0.07495461141320403,0.6576292278269452,0.47946426099658457,-0.14233352424352097,0.3712443572948207,0.25238922670361486,-0.38709955367987126
2021-05-01,3.2934810322418757,3.3739974215156785,3.6812057121614954,3.0094558100116533,3.2298479807650367,3.377310428214664,3.2766368101158587,3.5056169323034396,3.689009557050168
2021-06-01,3.017870648082743,2.4384527196792565,2.9616130205077686,3.1845423078469763,2.6430216391828605,3.002537062486093,3.122679682601102,2.582334066577787,3.091263988530531
2021-07-01,-0.3923037740213474,-0.8932787851700622,-1.2267567591620852,-0.45629728780494055,-1.1154873710571604,-1.3088616108045112,-0.43242212561044857,-1.1615939698862667,-1.4203353583784057
2021-08-01,0.9076904423475486,0.7360900992339952,0.5981911209147857,1.1177034303771558,0.6438059076466405,0.5738881649967184,1.0944755835429434,0.7118621805906789,0.5978967860267959
2021-09-01,-1.3183511791163125,-1.2439902493622728,-1.9828865044721686,-0.8397096015608565,-1.2792598487423548,-1.714486127902,-0.8499846194329517,-1.244498177600891,-1.7781347425823872
2021-10-01,-0.4851575315091199,-1.1831600550566619,-1.8402688065383512,-0.7848062677166195,-1.416398523739998,-1.884820742586645,-0.7774828357255494,-1.2631922020860307,-1.8900409811029557
2021-11-01,1.6592350496880224,2.3719713803201725,2.6515542680220654,1.746573017985381,2.1195999748418743,2.281210222029386,1.6027694819689122,2.3220879400993404,2.7372433644419303
2021-12-01,0.08408992922591157,0.05080277419440993,-0.07798679643183526,-0.4116083617263154,-0.15579240053089227,-0.17727974922277423,-0.4344317437200256,-0.3016962100822661,-0.38982999413659525
2022-01-01,2.8211145237379003,2.4345378489378953,2.50772582590761,2.7826307698814094,2.567740802826821,2.5966985145458024,2.8550437884423787,2.5456524790275132,2.508860389308464
2022-02-01,1.4615788499365923,2.1242036613627437,3.0959999321126994,1.6126596193180063,2.9699024265714904,3.4978626152128705,1.6642569635971605,2.721311669364317,3.349941150869027
2022-03-01,4.277912410530384,4.425221922423447,4.617326458358913,4.454332393440121,4.49227240304364,4.698745121394545,4.378856074439263,4.510273753353723,4.7943009730412145
2022-04-01,3.213989584419086,4.344234249441454,4.5060519916053146,2.6090708651537367,3.697934885471887,3.829137034213227,2.623685187598237,3.8512865025140903,4.010269748679243
2022-05-01,-2.0757627592170294,-2.901694759811062,-2.9135649992848354,-2.0634787293709578,-2.924799294597679,-2.9282822556821353,-2.0476729267106824,-2.8722206171995657,-2.866339566040798
2022-06-01,0.28132418490624045,1.4747036259261361,1.563015120218096,0.6577798719333234,2.144188744226894,2.2552193858882212,0.49029317953702123,1.8093601856550077,1.95145392559487
2022-07-01,-4.170229633565798,-3.4373943361343087,-3.6458885923764917,-4.45917444376108,-3.792060270615585,-4.011779818198209,-4.4956479989490425,-3.7330168710106384,-3.931965077890409
2022-08-01,-0.14001300779309855,-0.11840045039010594,-0.4255468481727017,-0.26440541829330033,-0.23762079325849916,-0.5887303946112622,-0.3571713258375786,0.02999671537217019,-0.2649900738087737
2022-09-01,-1.3580487723856942,0.9311527795806238,1.1192938915638069,-1.7870432753177525,1.2907417840777016,1.4850313312822734,-1.4608179457471753,1.0045028556858886,1.2331038153554525
2022-10-01,-4.779317356501943,-2.675444932686498,-2.7501941216008152,-4.322858298923509,-2.7092175817300457,-2.7572981330894546,-4.667223641781242,-2.58267180783643,-2.6018163981904547
2022-11-01,2.01484970059324,2.9863975611916977,3.0094102904734696,2.0537766523114502,2.9711784355823307,3.016167740223932,2.0199514472477165,3.0280653924234824,3.1367338922178276
2022-12-01,6.785600202810178,8.301536969935729,8.709589003737818,7.660071322630805,8.028239928760545,8.445924585161512,7.545670618967282,8.000937139960003,8.507719511493105
2023-01-01,0.6641974899342927,1.5042291882565366,1.8047986593566634,0.12328096410332674,2.025494485171588,2.2775603130215667,0.14907861764102195,1.9878925628243982,2.2961787041539976
2023-02-01,5.007769419832303,5.005708220777598,5.284231884243314,3.8082860233040727,5.363139535899512,5.584575304662643,4.296899557594739,5.011778090657213,5.319389074340611
2023-03-01,-1.8485867014778452,-1.478469466151966,-1.7395381179170215,-1.0298349261482342,-1.611765541388361,-1.8542961357167598,-1.760333389985544,-1.445006570116536,-1.668267259704424
2023-04-01,0.3465960410621882,1.4991783942458308,1.4620561677183255,1.1283045977843378,1.355410254622436,1.3269752246693525,0.66661734504575,1.4389481945786566,1.4279593100192574
2023-05-01,-1.4808088048975636,-0.555982245869874,-0.8180008496165352,-1.5082901523927226,-0.5554499791856968,-0.8035288429004852,-1.3758832360295767,-0.5552114827262353,-0.8029316965567068
2023-06-01,-3.1286331702692327,-2.0139477300618718,-2.4656840833763374,-3.0240762802346994,-2.063536788562503,-2.5170853008935277,-2.8384832559171533,-2.0879989338684273,-2.561649213971469
2023-07-01,3.0897541731316744,3.0041461774371836,3.210928405144462,2.9217139099765315,3.2461475683266916,3.4465040100326028,2.8225317917985895,3.2498271109776797,3.494161643810148
2023-08-01,1.0140517160298637,1.925416575795837,1.912318944633225,0.9213216033384917,1.9103703506595868,1.9073116143482056,1.1197336974475727,1.8603820076371207,1.8678824227565032
2023-09-01,-1.7995898762512486,-1.2424101934280172,-1.4335585152647325,-1.5798261631772164,-1.3195789450460509,-1.5162707636529136,-1.7838734520655404,-1.2409870785564052,-1.4366438741686334
2023-10-01,-0.2122188769297348,-0.3532514687066335,-0.41688999507709257,-0.5079661850757444,-0.23217449015293878,-0.28236742453901575,-0.3673895881727211,-0.2612795318239729,-0.31476831988193466
2023-11-01,-1.9269313414877984,-0.9784119335912042,-1.2272823162311424,-1.8494502662776493,-0.9691375026049821,-1.2236673664893285,-1.8032316440070588,-0.9693832768117198,-1.2430988053862944
2023-12-01,2.1417085007116254,3.245629368680425,3.1967677743857763,2.823119534748338,3.1335187513580047,3.1131500161538534,2.452689325645818,3.180642067250666,3.179633617647565
2024-01-01,2.466518685586305,2.407905380683609,2.418037817948905,2.1470525623725742,2.649458455346998,2.640536569546599,2.2277693936629737,2.633841441541575,2.626297622085331
2024-02-01,-2.2906559979960424,-1.599879565696766,-1.9463118654591272,-2.5403977993095466,-1.5639664178744956,-1.9048432998312208,-2.212822475895769,-1.6056478178794915,-1.9539265148493028
2024-03-01,-1.172485279868285,-0.4929761258673535,-0.9010362782291432,-0.5733052406593493,-0.6187230972560365,-0.9924344932401055,-1.0915248562971962,-0.495495839951162,-0.8766203848457352
2024-04-01,2.3932463831009665,2.781500851514931,2.843795255801323,1.7251777848336602,2.761244547001378,2.8238006148084605,2.45732055838623,2.69427297073306,2.795550588787466
2024-05-01,1.8684744052179638,1.8766964166408127,2.253686152565296,2.041096592173233,1.8555737889121242,2.235118278827681,1.8889823286343983,1.8826763483803055,2.3262082194724645
2024-06-01,3.126678668541947,3.2143232920419,3.266135168351414,3.0262875642068656,3.2172124268228113,3.258181331800483,3.1460217218354134,3.1645699404441543,3.2486031048035846
2024-07-01,-0.8984287738013195,-1.3606891447521234,-1.7929277180538006,-1.0761298283809326,-1.0878586417140004,-1.541358212577745,-0.8240709711875687,-1.110894696959654,-1.6073000876080723
2024-08-01,-0.8718809851793972,-1.18274057666578,-1.4784089067195532,-0.909030318198552,-1.197078365443708,-1.517118211722834,-0.9309739210259965,-1.2009780708818467,-1.5538122992216068
2024-09-01,-0.24204901222968864,-0.2519554721405126,-0.49369259547768063,0.8858626931558381,-0.288246779956563,-0.5354578525839612,-0.1105490407726431,-0.1661340851248253,-0.4747748910929067
2024-10-01,2.6567789037881155,2.9961544371968536,3.049141960584195,2.6138182857243595,3.012915833420947,3.059236767244129,2.7323084408447045,2.994175435778641,3.0603029534998587
2024-11-01,-1.5618411628007658,-1.7476922462901179,-2.089513882890202,-0.7819758216382616,-1.9460875292169306,-2.2440082081014197,-1.557216166551932,-1.8571115457635212,-2.2265139923529786
2024-12-01,0.027873285055205154,-0.4377391711889137,-0.8223660321404714,-0.2308353236822236,-0.41625811688413317,-0.8137682090806252,0.02398698210193999,-0.4531579872625665,-0.8820625761330679
2025-01-01,-1.8428184085325527,-1.9738318842181592,-2.152651111390844,-2.495061558133671,-1.904340955239066,-2.1101472074798897,-1.9731778396628692,-1.9732957414305368,-2.1897564761738706
2025-02-01,-0.07956564771810434,0.5416795210576052,0.43204346323367177,-0.19229577557092453,0.5844806677348438,0.47100876626853516,-0.048957829114070116,0.5804339319646298,0.47037061803870267
2025-03-01,1.0773671662489126,1.2696530747918073,1.3584169395890457,1.4442022040755569,1.0452190754069903,1.2084130690090915,1.2094956910849715,1.1075194560179211,1.2382274984971624
2025-04-01,1.46694165567213,1.580727232371798,1.79683944587388,1.5380209727487322,1.6093858938114813,1.9487855821760114,1.5431005618096365,1.6211382725988623,1.8902460054709662
2025-05-01,-1.3027496395789864,-1.0003939964580917,-1.2298179112818894,-1.3986466672482196,-0.98018121413711,-1.3826453471668307,-1.2419604390741292,-1.0250626975527066,-1.277449569543998
2025-06-01,1.22280297026898,1.9616448616740212,1.9227142008913738,1.2919080057472003,1.9476152284001604,1.8863579548092602,1.345458325760641,1.9405408999544607,1.9337108683193056
2025-07-01,1.9632906610048908,2.383592916763495,2.437936903969268,2.0455152221244766,2.3155774891292484,2.3918493764569795,2.01133271403003,2.332718586522016,2.4248191245690545
2025-08-01,-0.21062508032253346,0.19069730828870102,-0.08901067283959108,-0.4371992629599086,0.19860049398316493,-0.2936540039656913,-0.20877688856032986,0.14567730735084516,-0.1453804878977848
2025-09-01,1.6511087360343748,1.6204571562325591,1.5710324391432033,1.6053065003852125,1.7087710512332674,1.5477299447311164,1.613370458496407,1.6828208660192994,1.6123986768347227
2025-10-01,-0.14674956625989094,0.9850520517692822,0.7913029643583929,0.07794545552538047,0.8697227402778661,0.6541577365438703,0.09476581577938233,0.8667851052821401,0.6902041807719329
2025-11-01,2.221405198758652,1.9179259632798147,2.089456382068132,2.347935131629183,2.119716759993757,2.437563596914691,2.2367774530219164,2.1473206114798975,2.3284257704909415
2025-12-01,1.2981462878788714,0.6798047568121351,0.5483834104161807,1.2384423117608545,0.8555575198743639,0.6048365303779496,1.315769313854576,0.765616334183161,0.6291872582262747
2026-01-01,3.7260306458628367,3.8402159801168234,4.214460161473418,3.7420728159414933,3.746132416824914,4.236674874919893,3.6920135389173434,3.851605252401291,4.243581643136465
2026-02-01,4.825706832192957,4.672719573111446,5.027560258424543,4.890340572769743,4.615574480662506,5.155735455279181,4.8647677170686405,4.656610586766195,5.0447979991223555
