date,pi_max,n_eff,top_model,top_size,mass_top10,dma_fc,dms_fc,actual
2008-03-01,3.082563641120527e-05,162231.5053973302,132118,5,0.0002963063927069029,6.2506430473176025,6.984715727544393,5.1801623819417
2008-04-01,3.130922556996004e-05,163559.11657033773,132118,5,0.0002936108524984824,0.22998681095105983,-4.102453891402989,3.7805932403926823
2008-05-01,2.289590929183767e-05,175509.8454300793,135190,5,0.0002212513587253966,3.7925257056521415,3.547741388116615,-4.135349799039522
2008-06-01,2.532540551684337e-05,171377.75071877032,168980,6,0.0002495372063498916,0.6209179313826915,-0.7227613986473512,-1.0659874607340525
2008-07-01,2.7017950417795817e-05,171246.4817414769,168980,6,0.0002620305672989925,0.0067601236075983985,-2.3052996472297536,1.1790579327117579
2008-08-01,2.668751697256087e-05,172533.94862868055,1046,4,0.00025829434487658644,-0.3102460706559895,-0.2704515689541135,-8.434473355903261
2008-09-01,2.9979939497746427e-05,174032.85293706614,132118,5,0.00028148612198640303,-2.228570121279997,-7.220719820557052,-8.046665251860363
2008-10-01,3.7790880039083614e-05,155498.99181425676,132118,5,0.00035200751798268067,-9.939642371858332,-13.941977514385474,-30.36389646512537
2008-11-01,6.948079951354252e-05,87520.19684486714,201748,6,0.0006702886867302862,-16.22774617771771,-18.51335770332744,-22.674322391890954
2008-12-01,8.947259738231393e-05,84524.48641772926,201748,6,0.0008280335717229972,-7.1760453578559105,1.2756853568962176,-17.353280524736913
2009-01-01,6.049198296140348e-05,100495.10812573347,69910,6,0.0005720425372804841,-11.520708725529529,-8.943995497379062,5.319170347219693
2009-02-01,5.710604953569303e-05,127262.90192615989,86034,5,0.0005527154034018533,-10.01812903959805,-11.800746631877612,2.654766716767587
2009-03-01,5.576466637487277e-05,113459.02646122071,69649,4,0.0005397727021320575,3.104708597139403,6.166354480250003,13.046352058814016
2009-04-01,8.769780375385577e-05,91008.21752444649,102418,5,0.0008538009728242937,10.057856052775882,9.097236913498168,17.513213914937232
2009-05-01,8.631969650893393e-05,92124.31631509465,102404,4,0.0007820937378229473,10.74426604065839,12.36882655478345,3.301265455743363
2009-06-01,9.655430491890109e-05,90727.33671530471,102416,4,0.0008866720159510567,11.339213469806639,8.147925226368459,9.231270459417162
2009-07-01,0.00011100839403276658,85947.2641868107,102416,4,0.001012244461457454,2.691077783825178,0.1905015650418107,4.076495144928094
2009-08-01,0.00010188642743928356,86595.45426347989,102416,4,0.000959168010505486,7.793684384850689,10.16225001927754,18.38276632085507
2009-09-01,0.0001233463530739564,88272.28920029098,102448,5,0.0010537580711027976,3.8340746486536235,2.113734114657654,0.16587393935452166
2009-10-01,0.00013691675612354507,91148.51455850102,102448,5,0.0011797255070364033,5.976014093890835,7.483212261622812,1.836071942609574
2009-11-01,0.00011690461552478055,95290.95220194955,102416,4,0.0010354182125463934,3.9421862337148585,5.827465045533955,6.0848254553186765
2009-12-01,0.00012286071928531553,93201.4384110612,102416,4,0.0010861475727529347,9.365342888790055,10.813371187053344,4.525251569495414
2010-01-01,0.00010339557504924898,97746.37844678547,102416,4,0.0009420482631475992,2.414500215017747,1.7195968389390406,5.306813104740571
2010-02-01,0.000102868106992304,98431.19945191627,102416,4,0.0009386355417535837,-3.5598348190005353,-2.9025592139221885,-6.76242617662266
2010-03-01,9.943000389403999e-05,99056.25904403026,102416,4,0.0009082196656649059,4.4023392568344395,5.75821322091782,8.860227247757901
2010-04-01,0.00010609452228035822,100012.81383692731,102416,4,0.000983065417131055,8.192995904692644,7.346512477133723,3.6286887793367084
2010-05-01,0.00011036532004873616,98567.24589310013,102416,4,0.0010133403515493256,-0.5135155084010121,-1.8188447853134198,-11.197955881545374
2010-06-01,0.00010603391180478522,97207.91059751058,102416,4,0.0009721051534119214,-3.243572046859531,-0.6414262399191781,-5.423531318155728
2010-07-01,0.00010274431963352398,94041.16854453574,104448,4,0.000974996613167976,-3.7069810555239675,-3.4243100656393004,3.710476048086786
2010-08-01,9.370305978513056e-05,104907.78750398871,104448,4,0.0008528154673701517,9.174026134343586,10.794881328703816,8.338225600705606
2010-09-01,9.210333590568851e-05,106487.79386665285,104448,4,0.0008308264261957703,1.2508852273960767,1.5005871062616558,5.58871471817437
2010-10-01,9.177327507902196e-05,104274.53043413564,104448,4,0.0008626334526659885,9.45843973870976,10.185817928951847,7.335912671105382
2010-11-01,9.050933285218235e-05,104538.12579900042,102400,3,0.0008536135367152874,5.399458002436432,4.989270488343562,1.6985228358720406
2010-12-01,9.296109802556811e-05,106213.86147933161,104448,4,0.0008838985081001419,2.599917765798436,2.4497343889793557,8.336895668956101
2011-01-01,8.350161678006218e-05,112288.28833474171,104448,4,0.0007935964434379258,8.26162630122519,8.872859741472892,4.241491099304162
2011-02-01,7.811976391722356e-05,117672.15516737291,104448,4,0.0007236234679214495,-0.5905116787604517,-2.0031741477338705,3.5959231785989143
2011-03-01,6.497814073413513e-05,123120.01984152691,104448,4,0.0006022582701601922,2.445451093763219,2.705347998130063,-3.70947812009359
2011-04-01,6.0356114440366596e-05,123633.46303022015,102400,3,0.0005535430805575827,2.4254151991211654,2.0979477117661745,-0.042176568916774126
2011-05-01,6.197773568795903e-05,122739.26759053116,102400,3,0.0005602058969335902,1.7245878166586803,3.225800947294802,-5.6202700697432935
2011-06-01,4.155806153083976e-05,131393.64712602526,114944,4,0.00039701539366513225,-1.127698818486674,-0.5903131996519916,1.1418218980814743
2011-07-01,4.256317167189006e-05,133736.3530389093,114688,3,0.00040454645183417786,1.1892710483604532,2.002838258606265,6.495707653115068
2011-08-01,4.386869211421004e-05,131102.30518787468,114688,3,0.0004276126774244769,1.1917241029530736,0.5044366818127441,-6.727154566759596
2011-09-01,4.29525220646064e-05,144007.53895233903,114688,3,0.00039600341052727425,-2.2974598782626683,-4.253480602362479,-7.704467066562382
2011-10-01,4.989152537540999e-05,133526.35870951114,114688,3,0.000454394892251584,-10.736551562238983,-12.553469621658337,-10.993984056455897
2011-11-01,5.338822347009877e-05,129774.06382825151,114688,3,0.0004884663874485403,9.248096325784523,12.185035813399569,2.5862078918786002
2011-12-01,4.2482928803534827e-05,129675.82112027759,98569,5,0.00040222292002626506,-0.38360341812747034,0.8173698356675376,-0.21364274813283624
2012-01-01,4.339504521186702e-05,128653.57476621463,98569,5,0.0004116440318623678,-1.5243533721065308,-1.678892642640442,6.15341278696484
2012-02-01,3.644652076187449e-05,138125.4763720719,98313,4,0.00034420714327008527,8.208315413339148,9.814752066084461,5.003418978556451
2012-03-01,3.277262734815603e-05,140957.67670887735,98569,5,0.0003127520721801722,0.8250041641544099,0.18918418732451103,0.11961066291945599
2012-04-01,3.368239208291815e-05,139147.55009313193,98569,5,0.0003191068241729966,-0.5240882279636234,-1.0346630994474082,-2.58012548410832
2012-05-01,3.483084235175858e-05,136970.6817540691,98569,5,0.0003321619600155475,1.3185708123419737,0.38197020738088067,-4.514040666505581
2012-06-01,3.678662384348564e-05,134584.63923214588,98569,5,0.00034441701201257693,-4.4596315034442116,-6.081617920463685,-5.557021622671265
2012-07-01,3.921609164054559e-05,131722.09794367242,98569,5,0.00036660275101800196,0.8783947469264759,1.8483268133164987,2.1628370138445208
2012-08-01,4.081800147035344e-05,130612.76862534297,98569,5,0.00038085056902389464,1.004539716344497,0.5613875634874892,-0.904260258634626
2012-09-01,4.15080257833256e-05,129851.50727251143,98569,5,0.00038752957844312164,1.0802376645392149,0.935836994081337,7.5441323084773915
2012-10-01,3.612435112425926e-05,135240.83389997305,98313,4,0.00034717554360499904,3.489373649401827,4.907611563501082,-0.33940026161006775
2012-11-01,2.9263223048400107e-05,145341.27986156617,98569,5,0.0002801447346481948,0.779557098328343,1.3662786783671834,-4.3079927337777875
2012-12-01,2.9176153075834885e-05,148256.4261571053,67593,4,0.0002766416835279055,0.2092789428819139,-0.1625030153905368,3.2188126406837103
2013-01-01,2.7445185979955932e-05,152221.4712510389,67593,4,0.0002578766059548394,0.9943126015657962,-0.6127361907344362,1.2906212996791844
2013-02-01,2.870482262620177e-05,148835.40994366133,67593,4,0.00027169027493137036,1.3052499945325462,2.189984640395602,0.21804130020457446
2013-03-01,2.8035052851777098e-05,147456.5392501418,67593,4,0.00027025455637737423,-1.2423700662705588,-1.5989359140126904,-5.2101323189349795
2013-04-01,2.8736692681774577e-05,147575.19078060874,67593,4,0.0002707411484565571,-2.2031443545471188,0.5470900485305188,-5.329308295250645
2013-05-01,2.739020491453056e-05,151561.02967310115,98573,6,0.00027049457570733367,-1.3629637700152,-2.648440745618583,0.18452565065616433
2013-06-01,2.603870227320201e-05,154213.2705504924,98569,5,0.00025159148036319357,1.1997070014074702,-0.12093183591624801,-3.398862776300726
2013-07-01,2.9992431948019433e-05,149232.08042819315,98569,5,0.0002889492510490905,-2.7483379437502866,-2.3371161537444474,-1.4559368767931957
2013-08-01,3.2331649120389235e-05,145748.75550925083,98569,5,0.0003091622254632818,2.7054809704150413,1.9658047305449278,4.2003723336021315
2013-09-01,3.2128172378390446e-05,146585.247968708,98569,5,0.0003126810916691959,1.8656745994600104,2.7643149219680807,-0.572000088759661
2013-10-01,2.948786501631579e-05,149043.17999464087,98569,5,0.0002846128311494216,2.6882080658843464,2.918326980000012,0.6631292440628211
2013-11-01,3.130248003117438e-05,145359.63284842324,98569,5,0.0003021034825413403,2.875092872774287,2.7453347995388606,-1.967500297054492
2013-12-01,3.29486249683705e-05,145031.00081146264,38921,5,0.0003175151569139392,0.11549068105979561,-0.36706123068272467,2.002901345700625
2014-01-01,3.2209333793550786e-05,145787.05852632737,38921,5,0.0003168051620070442,2.7382811691189444,2.8201632877799376,0.8437246364835449
2014-02-01,3.219220612591923e-05,146149.2112021342,38921,5,0.00031239103311932756,-1.0753150546232788,-1.893497558615449,-2.1928349650066625
2014-03-01,3.455681217166587e-05,140624.93963097694,38921,5,0.0003367968823383162,1.287681088664583,1.7145140196691486,-6.672187715665978
2014-04-01,2.8014794418492835e-05,148360.0429465185,110633,7,0.00027833823938117254,-0.19949399878186974,-1.4542095781131166,0.44685358812193154
2014-05-01,2.8568071539307083e-05,148224.82021365874,105481,7,0.0002810947450364948,0.9294103744505977,-0.20141696274188675,2.6796962914771516
2014-06-01,2.69244451355196e-05,150664.31917686592,98569,5,0.0002662975998522896,0.2769079391009867,0.11427148674014785,-0.7752922598948109
2014-07-01,2.7596465258893316e-05,149446.84768328964,98569,5,0.00027029440834381874,0.7596505114719777,1.856217686752732,4.583005227764092
2014-08-01,3.0686083932759516e-05,145353.97025946982,98569,5,0.00029757157508918423,1.5028503634525634,2.3582567907599246,-1.700370122022088
2014-09-01,2.732127306558316e-05,146900.26483591503,104713,7,0.0002673439564041016,-1.8411864245245766,-1.0485646926877106,-1.98632217928697
2014-10-01,2.806983796790248e-05,145182.87783880977,104457,6,0.00027522435645116613,-1.7144283447075888,-2.563186794271708,-2.14743838894097
2014-11-01,2.878937672765768e-05,143824.00769785803,104457,6,0.00028259469533931125,-1.1998630934147607,-1.5807973701020843,-0.45757252725633357
2014-12-01,2.902705348041357e-05,144629.95478588378,102665,6,0.0002887533350808519,-1.8699177856053522,-1.6068863435831826,-4.048790641958244
2015-01-01,2.9253822303676522e-05,146801.82964550337,102441,6,0.0002905700996526211,-3.020117822644656,-2.100812800762018,-9.046509195385589
2015-02-01,3.037010024838053e-05,150639.75845747648,71691,6,0.00029736533271812287,-5.0957597731267255,-7.448609125343968,-1.782599503144977
2015-03-01,2.793896692456218e-05,160574.2793346253,38955,7,0.00027193340235740437,2.9714864762303232,0.6084539719178954,3.630017804207508
2015-04-01,2.811335630670288e-05,157006.43306516693,104746,8,0.00026683512135730055,-2.3378602969131155,-1.826474258423988,1.7699861841543152
2015-05-01,2.9724743540306648e-05,154158.84210812565,102443,7,0.0002913759204624204,4.505448396572896,5.726353704584699,4.354734140597483
2015-06-01,3.009237929705277e-05,155092.53443481404,102443,7,0.0002886833265815323,-1.2463702884859074,-2.3576453835387716,-7.182308622589106
2015-07-01,3.4575015818967034e-05,142508.7647715878,102699,8,0.0003333582890296511,-2.6840767401542713,-2.725401621730136,-6.384810340897296
2015-08-01,3.334305967116999e-05,148554.79476037598,102699,8,0.00031324694331313636,-6.4561682574701225,-7.660786678559482,-6.234551623676888
2015-09-01,3.42149914466001e-05,147216.8783605486,102699,8,0.0003250601521432549,-3.2973411498313157,-4.608348155828546,1.5683017038108593
2015-10-01,2.3296966257492606e-05,163857.9175251767,102698,7,0.00022699723730738964,-1.5019187256340814,-0.49816689234290257,0.07447868001622115
2015-11-01,2.481769468094223e-05,160032.00793403445,102698,7,0.0002417256505039102,2.3343550551758283,5.032399106447437,-8.128975463934218
2015-12-01,3.4175910149221604e-05,164312.91672820007,22824,6,0.0003137775803835731,-4.302261932442607,-1.8099525417056732,-2.930031121986376
2016-01-01,3.770122076364932e-05,159505.6552139744,22824,6,0.00034430073341931884,-1.3673154245808627,-0.0688745569123205,-3.588452293304878
2016-02-01,3.130867805827801e-05,163535.47175427855,22824,6,0.000288655429501743,-5.086532942461089,-6.466231614124902,2.5002660495316853
2016-03-01,2.2835273061242092e-05,176149.10636817798,121528,10,0.00022632345444559382,3.6865591249292775,5.130775711549877,7.586122051937405
2016-04-01,2.61521120414062e-05,165322.08186263454,121768,10,0.0002584107824799585,2.2016320510701024,1.966988323122575,-1.6430937320441652
2016-05-01,2.6906428366263887e-05,160109.2078418528,121784,11,0.0002668884526933816,4.082371120910921,4.4069886244919685,-3.2780722281288366
2016-06-01,2.7970232501415217e-05,166647.6315595691,250761,10,0.0002713932851603177,-2.1298478889116645,-2.1812731264295007,-1.1181770944852065
2016-07-01,2.701698167688563e-05,168992.15626682926,250761,10,0.0002635337536099316,0.05187966772218772,-0.7784195586660178,4.882842567795853
2016-08-01,2.2866477657436334e-05,174530.74016653717,252552,9,0.00022529932874837576,0.37206819331830493,-1.0517843532173634,-2.5603109367845156
2016-09-01,2.615271416848147e-05,171799.6613491092,252808,10,0.0002564484901124966,-1.4597839217629125,-1.5291447941639453,-0.35871949784082036
2016-10-01,2.6464771578935197e-05,172610.36259224475,252552,9,0.0002566435747512819,0.7802694331564088,0.2618707713202305,0.1941271928797672
2016-11-01,2.6499620008866674e-05,172877.82547202273,252552,9,0.0002563245645517758,0.34048702522947044,0.6662033690077923,14.970702706335315
2016-12-01,1.9964022664944663e-05,184724.39683976886,250404,8,0.0001908509206210032,1.475451299003985,0.13932248016684085,3.5283826159343334
2017-01-01,1.7815169636436535e-05,188623.652384564,250404,8,0.0001739583751556723,-0.33737836002279864,-1.9323618897589259,1.9891835659252788
2017-02-01,1.6163074920735588e-05,191614.65546349785,127520,7,0.00015959152649199946,1.9889641560982982,1.4984738419057226,3.208255431072793
2017-03-01,1.7021075471437844e-05,192582.13736276206,37409,5,0.0001674769640571848,-1.2900958966989684,-0.7022572950033112,-1.7413389723282546
2017-04-01,1.7363324845431648e-05,191028.63979391122,37409,5,0.00017108903725975038,-0.48904077457754225,-0.5904937430133226,-2.345892317355225
2017-05-01,1.8005711891971538e-05,191063.44448442062,37409,5,0.00017682723455253357,0.37928956463436564,-0.8698617050469464,-1.4286391880733662
2017-06-01,1.9137510085610265e-05,187813.22616759423,37409,5,0.00018791785506853514,-0.37141256582351023,-0.26279777436419804,2.010517361164843
2017-07-01,1.9049883562302035e-05,190924.51325899002,37409,5,0.00018642893878711566,0.6756331169446416,1.5063913458285043,4.723596694110643
2017-08-01,2.06913951914523e-05,187919.22697347746,37409,5,0.0002011185405640362,1.8219316121728486,2.940862791538825,8.415710046550352
2017-09-01,2.3925527047131705e-05,187427.69315799506,37409,5,0.00023194381251100075,2.221014627395108,3.877028806301054,1.329680496072383
2017-10-01,2.1737377920286227e-05,187788.85860300696,37409,5,0.00021062746858935258,-0.33972097797764284,-0.7882306070004291,3.5486699170302005
2017-11-01,1.915350082796833e-05,193888.58893581983,37409,5,0.0001869920665976674,1.0601702837013338,1.0697203417770456,0.19994048719771396
2017-12-01,1.950984055241312e-05,192303.47361517404,37409,5,0.00018978122338784046,0.33214424342752613,-0.32335233100221694,0.5360854985239083
2018-01-01,1.9851797249237754e-05,189997.971986697,37409,5,0.00019310178936891606,3.770550489762831,2.972126643242217,3.0894556148358454
2018-02-01,2.116987743269316e-05,187526.58760548802,37409,5,0.00020543440263984234,0.6830126614030165,1.3084520461700127,-0.8068176709216224
2018-03-01,2.0456146857574385e-05,188928.98594534115,37409,5,0.0001989414847482789,0.883578081991135,1.0694270722644452,-3.1480360142646435
2018-04-01,1.9280913419366174e-05,191626.36725046727,33441,5,0.00018944854058090084,0.18091318981017893,-0.33338474085220493,0.7948873587739547
2018-05-01,1.8965658120009223e-05,191178.17040239816,41505,5,0.0001866935293234778,1.5275491384506714,1.4473279653667421,-0.3865150022863584
2018-06-01,2.051994517838344e-05,180142.03855946133,37409,5,0.00020206986528710017,0.4897314958795024,-0.04696941481654893,1.8000762900450828
2018-07-01,2.076660451898758e-05,178278.3297816335,41505,5,0.00020094559024305979,0.4364807458067221,0.22319299011111932,-10.03170981299969
2018-08-01,2.422227291112579e-05,187456.81249079187,36929,4,0.0002397152915190655,-0.8750841271117422,-1.6276563307915732,-3.1156066185988873
2018-09-01,2.5540525305472758e-05,187706.90960850054,36929,4,0.0002464046198863905,-2.3124709947165023,-3.3942018800255758,-0.16347821519446804
2018-10-01,2.2058842019026394e-05,190991.51351198734,36929,4,0.00021419405159621034,0.7870109255477709,1.8991116607067555,2.5047943028081
2018-11-01,2.379540779264761e-05,187151.42329180628,36929,4,0.00023047235781252168,-0.6497690327176519,-0.9236590079925074,-0.5929854462649709
2018-12-01,2.504606174261939e-05,185073.4536232276,36929,4,0.0002410443417529168,0.367299935205608,0.7228419147737684,-1.6659118382114535
2019-01-01,2.4431567274112254e-05,183885.44872343878,36929,4,0.00023960408084002766,0.13939697017239472,-0.2597651023463221,-1.8602663619042836
2019-02-01,2.689232470639551e-05,178505.46116358798,36929,4,0.00026387948386921576,2.8125907925894893,4.847409232727186,5.487118649997047
2019-03-01,3.2104361416547815e-05,166194.03980649257,36929,4,0.00030971207697710055,1.0200982528707359,1.6630436407036795,2.0563673741645694
2019-04-01,3.3450685754150615e-05,163754.972963844,36929,4,0.00032022423876408866,0.23865402788469703,0.9297113645156925,0.4852737829687426
2019-05-01,3.323074376099398e-05,165278.72335531324,36929,4,0.0003165656681537034,-0.7943755335955306,-1.211911473411193,-6.371320497736832
2019-06-01,3.158147017989732e-05,158418.83666046572,36929,4,0.000309259963290089,-1.6277039863240694,-2.552955972674247,-2.3051804581623037
2019-07-01,3.562889347101502e-05,148835.93786283326,36929,4,0.0003478212521635864,1.0726477728163997,0.7772399599042954,0.9037415364401724
2019-08-01,3.695913103171811e-05,147831.2146982059,36929,4,0.0003560887781014507,-2.2361766939183942,-3.3791529637326727,-3.8429820197835918
2019-09-01,3.9178134080912344e-05,142887.6214477522,36929,4,0.0003768538622329899,-3.068455079110587,-3.3616063146904382,1.0676721999486993
2019-10-01,3.285513351874584e-05,156452.50730652545,36929,4,0.00031241412028756643,0.9435613976329768,1.445213971156703,-0.10136493502367339
2019-11-01,3.245154507594954e-05,158910.40485104665,36929,4,0.0003063616288215547,0.15009169163983593,-0.036065583000644844,1.7148131951491008
2019-12-01,3.1387149921779326e-05,159550.2563016907,36929,4,0.00029924357948388566,0.15545198955749867,0.03852927095250458,3.8939635165023745
2020-01-01,3.681114050609742e-05,143726.3890662824,41025,4,0.000347792211881442,2.9053870583879315,3.698865458828295,-0.8239022413464636
2020-02-01,2.8083028355407322e-05,156608.00559050188,106560,4,0.00027578918852282867,-0.5199924380793469,0.44495621928912554,-5.929726997990681
2020-03-01,2.9389157858044957e-05,160198.1088241941,32896,2,0.0002775777534631983,-1.6253136884357322,-3.768956714565263,-8.902155071163186
2020-04-01,5.6829362402438795e-05,123411.21612695548,41152,4,0.0005568775791123298,-7.072099761452205,-5.897049571790163,-2.3497404141019085
2020-05-01,9.013259818461031e-05,97166.45892658933,32960,3,0.0008600921396837698,1.9382979681351897,-1.6235499358460177,3.7785043213031777
2020-06-01,8.503822405346237e-05,91282.10375239508,41088,3,0.0007932119719301353,3.1830940332276043,2.943323059682184,9.669906211163482
2020-07-01,9.709411894646437e-05,79722.95081711451,43008,3,0.0008807848854661755,-1.2711148400503938,2.286424742562974,10.445256735740948
2020-08-01,0.00012764691939097517,74408.29006878684,40961,3,0.0011236804331204704,4.275661915129486,5.507320850267099,2.004757957295955
2020-09-01,0.00010556036110317781,77062.6848933001,40961,3,0.000979869642790438,2.1740009654799075,1.9630841238253294,2.943792398542344
2020-10-01,0.00010572732823928975,76237.32364740434,40961,3,0.0009853410051313583,-0.9987474799515763,-0.3214175263482741,0.5249072114352327
2020-11-01,0.00011198092314535418,75464.84713397095,40961,3,0.0010406534731073275,-0.3105441019119676,-1.5220089515541282,5.211137804576582
2020-12-01,6.577492707356078e-05,95581.55769483506,100361,5,0.0006221377413456249,6.453588608294458,6.721502889388448,10.028325547918659
2021-01-01,6.829550939543413e-05,90052.0709307427,100361,5,0.0006631999200177343,5.051158254948866,5.310442221857966,2.3318621264709627
2021-02-01,7.251180258819982e-05,92793.94907951618,100352,3,0.0006574895461462695,0.44098078787864226,1.3233882323230985,6.089184430356043
2021-03-01,7.632243506907569e-05,94533.61376235029,100352,3,0.000699337520960909,5.7122676783510915,5.880951479978517,6.263654009791431
2021-04-01,8.065303958101879e-05,91763.30064731927,100352,3,0.0007356081388754092,0.4902856968544316,-1.1240667596533374,3.232508257525768
2021-05-01,6.795965316036823e-05,100434.60381938239,100361,5,0.0006510498295547491,3.2934810322418757,3.590193043852356,9.603548651374538
2021-06-01,5.870754852948745e-05,111873.99281569588,100361,5,0.0005517134244590205,3.017870648082743,4.070928217707339,-5.030866698031389
2021-07-01,3.6964335740958087e-05,147907.70616010172,100352,3,0.000349674374431018,-0.3923037740213474,-0.5564057149526034,-1.9243650127050649
2021-08-01,3.878810313281205e-05,144554.37468821637,100352,3,0.0003669361746208524,0.9076904423475486,1.110152428177107,-0.9278757032748941
2021-09-01,3.957794478718817e-05,143530.59294994848,100354,4,0.0003745362533009117,-1.3183511791163125,-2.8696687410809028,-0.563033721158468
2021-10-01,4.027741513147465e-05,141503.56117475033,100352,3,0.00037529507922316513,-0.4851575315091199,-1.4372266636770843,3.661634719856588
2021-11-01,3.417536119404411e-05,145922.18514061603,67584,2,0.00032513887147282396,1.6592350496880224,3.380427265358681,-0.4256084640973379
2021-12-01,3.470129394074313e-05,145952.4158075411,51202,4,0.00032835319561660937,0.08408992922591157,0.6098900604270804,-0.7526401705700181
2022-01-01,3.642366434854147e-05,142965.4509668641,51200,3,0.0003464797050962889,2.8211145237379003,4.4279642806010395,2.288642870857416
2022-02-01,3.2863275687086556e-05,144139.04204656597,51200,3,0.000320063230855452,1.4615788499365923,2.3145829997862917,1.582129390506526
2022-03-01,3.530175268813147e-05,140136.1477845896,100352,3,0.00034138725010996905,4.277912410530384,4.386860409078546,3.2286018398459237
2022-04-01,3.697733109142109e-05,138828.6764740393,100352,3,0.0003514321533520017,3.213989584419086,2.3501491136336186,-0.6361303460405754
2022-05-01,4.1443410271426684e-05,137298.92818307082,67584,2,0.00040554643082275595,-2.0757627592170294,-1.3414114280417238,-7.832642124866728
2022-06-01,3.385693716058352e-05,141429.6802868584,100352,3,0.000329705577442499,0.28132418490624045,0.9992876964530446,-3.334996343655372
2022-07-01,3.261107535784793e-05,142660.1627766292,114728,5,0.0003188008156457745,-4.170229633565798,-5.72777076134259,-16.64833160352147
2022-08-01,3.569116963350543e-05,142781.18182101919,128297,10,0.0003355986920930342,-0.14001300779309855,-0.6918243892500813,5.6880028299651775
2022-09-01,4.1939844806778494e-05,132419.34024511138,128040,8,0.00040513801874049167,-1.3580487723856942,-1.1499491862539308,-3.6121294472092336
2022-10-01,4.0690959697208135e-05,132996.61032063822,118824,6,0.00039323039216578655,-4.779317356501943,-5.184442633405947,-1.0903452545202308
2022-11-01,3.7720390854368407e-05,134567.8139780357,118816,5,0.000363630343884011,2.01484970059324,2.796110134245074,5.849597370035298
2022-12-01,4.144359630905156e-05,132917.21553051137,118816,5,0.00039028830122150355,6.785600202810178,9.759001026175524,4.097571217588358
2023-01-01,3.196974007748033e-05,143070.00579238453,70176,4,0.000300855360871743,0.6641974899342927,0.5026755895770786,7.542510854526041
2023-02-01,3.85368950437788e-05,144156.18576146485,118818,6,0.0003521768864783962,5.007769419832303,7.118244433520475,-0.8672693366486128
2023-03-01,2.3647757488916396e-05,169452.74772893378,104544,6,0.00022491589887233665,-1.8485867014778452,-1.9785176395559987,-0.9269078352832749
2023-04-01,2.4145579301905813e-05,170375.342254413,71776,5,0.0002272757629607127,0.3465960410621882,2.209961987835172,-0.5639396868381552
2023-05-01,2.146685643897219e-05,171274.77095947706,71680,3,0.0002094176933655413,-1.4808088048975636,-0.9063116289230643,-6.171024384864121
2023-06-01,2.1565518807952607e-05,171659.38405044607,119810,6,0.00020672627422274015,-3.1286331702692327,-2.9359182413311498,1.53852568716224
2023-07-01,2.2623448378055316e-05,172979.3234182722,86016,3,0.00021848218047519575,3.0897541731316744,2.6323240031504973,1.2064604157138392
2023-08-01,2.4288138058676082e-05,174320.41713055864,86016,3,0.0002273710340306554,1.0140517160298637,0.6911990923106609,-1.4214685188526088
2023-09-01,2.5573305075733363e-05,171718.36465253963,86016,3,0.00024278100280312377,-1.7995898762512486,-2.195145796803111,-0.8272396518963943
2023-10-01,2.6335636099248495e-05,172009.81495899,70656,3,0.0002465887102827162,-0.2122188769297348,-1.5859204450433018,-3.808177420991876
2023-11-01,3.148319353449965e-05,163071.58421355125,70656,3,0.0002982341338604467,-1.9269313414877984,-1.769208110349394,3.1934992430812326
2023-12-01,3.339925735806397e-05,166411.55628228438,69632,2,0.00030177840655399137,2.1417085007116254,2.585127347574588,2.685330344491299
2024-01-01,3.602471209144648e-05,162678.54177719678,69632,2,0.0003252507103808115,2.466518685586305,1.8309874294399855,-0.6255566422343817
2024-02-01,3.938112643746959e-05,160944.8751688641,69632,2,0.0003418905412831262,-2.2906559979960424,-2.283679280578027,-0.5111972863475867
2024-03-01,3.9915254433645756e-05,161616.05263697027,69632,2,0.00035015965500911276,-1.172485279868285,-1.4755277791650374,4.607711555138749
2024-04-01,2.8826085925296437e-05,180356.84830779,69632,2,0.00027310426392805447,2.3932463831009665,3.164717489095532,8.675968670140243
2024-05-01,3.118016732364633e-05,172457.6899403824,69664,3,0.00029333846741844626,1.8684744052179638,2.240128000577821,7.007376595906312
2024-06-01,3.0159001936521795e-05,172432.89782915713,69664,3,0.00027215834748034023,3.126678668541947,2.974384308956205,-4.491303609577068
2024-07-01,2.455900462951805e-05,175607.4688543238,71680,3,0.00023529396282106257,-0.8984287738013195,-0.7045273020530625,-2.5718027332092497
2024-08-01,2.529509786674057e-05,172394.9216177885,71680,3,0.0002432922867554605,-0.8718809851793972,-0.7838211199676546,-4.42306635721621
2024-09-01,2.4646635963616e-05,175151.39086383936,71684,4,0.0002309124714927339,-0.24204901222968864,-0.2433340155793498,3.1226770284825456
2024-10-01,2.602732412005562e-05,176770.61431534236,71680,3,0.0002457346671607678,2.6567789037881155,1.7613057071375928,3.0233287798065556
2024-11-01,2.6900354772846032e-05,175838.57136258803,69632,2,0.00025206145058602957,-1.5618411628007658,-2.7089390888221923,-4.872862467249039
2024-12-01,3.1186133944508516e-05,168879.67784376763,69632,2,0.0002835808963446576,0.027873285055205154,-0.20753219265751965,-1.8940191554308594
2025-01-01,3.191344917056185e-05,166115.76580701536,69632,2,0.0002906866239429134,-1.8428184085325527,-2.1343599436500544,0.6906245740084804
2025-02-01,3.240004821023692e-05,168647.703304333,71680,3,0.0002939557592225014,-0.07956564771810434,0.013885455715459072,3.648190167989962
2025-03-01,3.0841645192491506e-05,173126.97055872617,71680,3,0.00028608600334840766,1.0773671662489126,1.119560808580985,4.186263087614517
2025-04-01,3.0053769037324533e-05,170000.0230363333,71680,3,0.0002873437946128816,1.46694165567213,1.2564748419247678,-5.828841254754469
2025-05-01,2.335548031216405e-05,192268.8282517974,69632,2,0.00021901790397752308,-1.3027496395789864,-0.22907261953561092,3.597873638344229
2025-06-01,2.7232437591153094e-05,189110.3379553395,69632,2,0.00025156497848130127,1.22280297026898,1.4294944924322495,2.2169210407022133
2025-07-01,2.8091405766484302e-05,187660.66293880617,69632,2,0.00025928748010926194,1.9632906610048908,2.5660014008345797,0.48904695728220204
2025-08-01,2.675616324010951e-05,189629.06437904487,69632,2,0.00024352761016964645,-0.21062508032253346,-1.6832326257343861,-0.6364980559911637
2025-09-01,2.67317687606458e-05,187631.7397760791,69632,2,0.0002451924300417513,1.6511087360343748,1.9849308447736194,3.211438834012559
2025-10-01,2.7794779455296292e-05,184726.27704290132,69632,2,0.0002559150165803108,-0.14674956625989094,-0.9719527031564767,7.078905173003802
2025-11-01,2.8713337241353683e-05,192874.97729929534,37376,3,0.0002632345865817391,2.221405198758652,2.9483604353629156,0.7147605889717967
2025-12-01,2.6666112052849406e-05,194324.77847998886,37376,3,0.0002457188976780323,1.2981462878788714,0.8315383847852184,9.18493832155798
2026-01-01,1.564656708937447e-05,218716.2345223732,5632,3,0.00014912742580566401,3.7260306458628367,1.9117694515326646,9.799232982896022
2026-02-01,1.529802069335503e-05,217073.82846247655,21760,4,0.00014705099031686917,4.825706832192957,3.4229808143164524,0.22101920836286038
